-- MySQL dump 10.13  Distrib 8.0.27, for macos11.6 (x86_64)
--
-- Host: 127.0.0.1    Database: staging
-- ------------------------------------------------------
-- Server version	5.7.36-google-log

/*!40101 SET @OLD_CHARACTER_SET_CLIENT=@@CHARACTER_SET_CLIENT */;
/*!40101 SET @OLD_CHARACTER_SET_RESULTS=@@CHARACTER_SET_RESULTS */;
/*!40101 SET @OLD_COLLATION_CONNECTION=@@COLLATION_CONNECTION */;
/*!50503 SET NAMES utf8mb4 */;
/*!40103 SET @OLD_TIME_ZONE=@@TIME_ZONE */;
/*!40103 SET TIME_ZONE='+00:00' */;
/*!40014 SET @OLD_UNIQUE_CHECKS=@@UNIQUE_CHECKS, UNIQUE_CHECKS=0 */;
/*!40014 SET @OLD_FOREIGN_KEY_CHECKS=@@FOREIGN_KEY_CHECKS, FOREIGN_KEY_CHECKS=0 */;
/*!40101 SET @OLD_SQL_MODE=@@SQL_MODE, SQL_MODE='NO_AUTO_VALUE_ON_ZERO' */;
/*!40111 SET @OLD_SQL_NOTES=@@SQL_NOTES, SQL_NOTES=0 */;

--
-- Current Database: `staging`
--

CREATE DATABASE /*!32312 IF NOT EXISTS*/ `staging` /*!40100 DEFAULT CHARACTER SET utf8 */;

USE `staging`;

--
-- Table structure for table `github_issue_types`
--

DROP TABLE IF EXISTS `github_issue_types`;
/*!40101 SET @saved_cs_client     = @@character_set_client */;
/*!50503 SET character_set_client = utf8mb4 */;
CREATE TABLE `github_issue_types` (
  `id` int(11) NOT NULL AUTO_INCREMENT,
  `issue_type` varchar(75) NOT NULL,
  PRIMARY KEY (`id`)
) ENGINE=InnoDB AUTO_INCREMENT=3 DEFAULT CHARSET=utf8;
/*!40101 SET character_set_client = @saved_cs_client */;

--
-- Dumping data for table `github_issue_types`
--

LOCK TABLES `github_issue_types` WRITE;
/*!40000 ALTER TABLE `github_issue_types` DISABLE KEYS */;
INSERT INTO `github_issue_types` VALUES (1,'issue'),(2,'pr');
/*!40000 ALTER TABLE `github_issue_types` ENABLE KEYS */;
UNLOCK TABLES;

--
-- Table structure for table `projects`
--

DROP TABLE IF EXISTS `projects`;
/*!40101 SET @saved_cs_client     = @@character_set_client */;
/*!50503 SET character_set_client = utf8mb4 */;
CREATE TABLE `projects` (
  `id` int(11) NOT NULL AUTO_INCREMENT,
  `testrail_project_id` int(11) NOT NULL,
  `project_name_abbrev` varchar(25) NOT NULL,
  `project_name` varchar(75) NOT NULL,
  PRIMARY KEY (`id`)
) ENGINE=InnoDB AUTO_INCREMENT=6 DEFAULT CHARSET=utf8;
/*!40101 SET character_set_client = @saved_cs_client */;

--
-- Dumping data for table `projects`
--

LOCK TABLES `projects` WRITE;
/*!40000 ALTER TABLE `projects` DISABLE KEYS */;
INSERT INTO `projects` VALUES (1,59,'fenix','Fenix Browser'),(2,48,'focus-android','Focus for Android'),(3,14,'firefox-ios','Firefox for iOS'),(4,27,'focus-ios','Focus for iOS'),(5,58,'reference-browser','Reference Browser');
/*!40000 ALTER TABLE `projects` ENABLE KEYS */;
UNLOCK TABLES;

--
-- Table structure for table `report_github_issues`
--

DROP TABLE IF EXISTS `report_github_issues`;
/*!40101 SET @saved_cs_client     = @@character_set_client */;
/*!50503 SET character_set_client = utf8mb4 */;
CREATE TABLE `report_github_issues` (
  `id` int(11) NOT NULL AUTO_INCREMENT,
  `projects_id` int(11) NOT NULL,
  `issue_id` int(11) NOT NULL,
  `issue_title` varchar(75) DEFAULT NULL,
  `issue_types_id` int(11) DEFAULT '1',
  `github_created_at` date NOT NULL,
  `github_updated_at` date DEFAULT NULL,
  `github_closed_at` date DEFAULT NULL,
  `github_merged_at` date DEFAULT NULL,
  `created_at` timestamp NOT NULL DEFAULT CURRENT_TIMESTAMP,
  PRIMARY KEY (`id`),
  KEY `projects_id` (`projects_id`),
  KEY `issue_types_id` (`issue_types_id`),
  CONSTRAINT `report_github_issues_ibfk_1` FOREIGN KEY (`projects_id`) REFERENCES `projects` (`id`),
  CONSTRAINT `report_github_issues_ibfk_2` FOREIGN KEY (`issue_types_id`) REFERENCES `github_issue_types` (`id`)
) ENGINE=InnoDB DEFAULT CHARSET=utf8;
/*!40101 SET character_set_client = @saved_cs_client */;

--
-- Dumping data for table `report_github_issues`
--

LOCK TABLES `report_github_issues` WRITE;
/*!40000 ALTER TABLE `report_github_issues` DISABLE KEYS */;
/*!40000 ALTER TABLE `report_github_issues` ENABLE KEYS */;
UNLOCK TABLES;

--
-- Table structure for table `report_test_case_coverage`
--

DROP TABLE IF EXISTS `report_test_case_coverage`;
/*!40101 SET @saved_cs_client     = @@character_set_client */;
/*!50503 SET character_set_client = utf8mb4 */;
CREATE TABLE `report_test_case_coverage` (
  `id` int(11) NOT NULL AUTO_INCREMENT,
  `projects_id` int(11) NOT NULL,
  `testrail_test_suites_id` int(11) NOT NULL,
  `test_sub_suites_id` int(11) NOT NULL DEFAULT '1',
  `test_automation_status_id` int(11) NOT NULL,
  `test_automation_coverage_id` int(11) NOT NULL,
  `test_count` int(11) NOT NULL DEFAULT '0',
  `created_at` timestamp NOT NULL DEFAULT CURRENT_TIMESTAMP,
  PRIMARY KEY (`id`),
  KEY `projects_id` (`projects_id`),
  KEY `test_sub_suites_id` (`test_sub_suites_id`),
  KEY `test_automation_status_id` (`test_automation_status_id`),
  KEY `test_automation_coverage_id` (`test_automation_coverage_id`),
  CONSTRAINT `report_test_case_coverage_ibfk_1` FOREIGN KEY (`projects_id`) REFERENCES `projects` (`id`),
  CONSTRAINT `report_test_case_coverage_ibfk_2` FOREIGN KEY (`test_sub_suites_id`) REFERENCES `test_sub_suites` (`id`),
  CONSTRAINT `report_test_case_coverage_ibfk_3` FOREIGN KEY (`test_automation_status_id`) REFERENCES `test_automation_status` (`id`),
  CONSTRAINT `report_test_case_coverage_ibfk_4` FOREIGN KEY (`test_automation_coverage_id`) REFERENCES `test_automation_coverage` (`id`)
) ENGINE=InnoDB AUTO_INCREMENT=953 DEFAULT CHARSET=utf8;
/*!40101 SET character_set_client = @saved_cs_client */;

--
-- Dumping data for table `report_test_case_coverage`
--

LOCK TABLES `report_test_case_coverage` WRITE;
/*!40000 ALTER TABLE `report_test_case_coverage` DISABLE KEYS */;
INSERT INTO `report_test_case_coverage` VALUES (256,1,3192,1,1,1,186,'2022-01-08 04:01:12'),(257,1,3192,1,2,1,105,'2022-01-08 04:01:12'),(258,1,3192,1,2,2,3,'2022-01-08 04:01:12'),(259,1,3192,1,3,1,51,'2022-01-08 04:01:12'),(260,1,3192,1,4,2,50,'2022-01-08 04:01:12'),(261,1,3192,1,4,3,87,'2022-01-08 04:01:12'),(262,1,3192,1,5,2,11,'2022-01-08 04:01:13'),(263,1,3192,1,5,3,5,'2022-01-08 04:01:13'),(264,1,3192,2,1,1,13,'2022-01-08 04:01:13'),(265,1,3192,2,2,1,8,'2022-01-08 04:01:13'),(266,1,3192,2,3,1,21,'2022-01-08 04:01:13'),(267,1,3192,2,4,2,7,'2022-01-08 04:01:13'),(268,1,3192,2,4,3,41,'2022-01-08 04:01:14'),(269,1,3192,2,5,2,4,'2022-01-08 04:01:14'),(270,1,3192,2,5,3,1,'2022-01-08 04:01:14'),(271,1,3192,3,3,1,1,'2022-01-08 04:01:14'),(272,1,3192,5,1,1,1,'2022-01-08 04:01:14'),(273,1,4493,3,1,1,55,'2022-01-08 04:01:15'),(274,1,4493,3,3,1,49,'2022-01-08 04:01:15'),(275,1,4669,6,1,1,59,'2022-01-08 04:01:16'),(276,1,5146,6,1,1,123,'2022-01-08 04:01:17'),(277,1,7530,7,1,1,4,'2022-01-08 04:01:17'),(278,1,10340,7,1,1,296,'2022-01-08 04:01:19'),(279,1,12590,4,1,1,59,'2022-01-08 04:01:20'),(280,2,1028,1,1,1,14,'2022-01-08 04:01:21'),(281,2,1028,1,2,1,42,'2022-01-08 04:01:21'),(282,2,1028,1,3,1,19,'2022-01-08 04:01:22'),(283,2,1028,1,4,2,13,'2022-01-08 04:01:22'),(284,2,1028,1,4,3,27,'2022-01-08 04:01:22'),(285,2,1028,1,5,2,5,'2022-01-08 04:01:22'),(286,2,1028,1,5,3,3,'2022-01-08 04:01:22'),(287,2,1028,2,1,1,6,'2022-01-08 04:01:22'),(288,2,1028,2,2,1,4,'2022-01-08 04:01:23'),(289,2,1028,2,3,1,9,'2022-01-08 04:01:23'),(290,2,1028,2,4,2,12,'2022-01-08 04:01:23'),(291,2,1028,2,4,3,21,'2022-01-08 04:01:23'),(292,2,1028,2,5,2,2,'2022-01-08 04:01:23'),(293,2,1028,2,5,3,2,'2022-01-08 04:01:23'),(294,2,21318,4,1,1,44,'2022-01-08 04:01:24'),(295,2,24898,1,3,1,2,'2022-01-08 04:01:25'),(296,2,24898,3,1,1,6,'2022-01-08 04:01:25'),(297,2,24898,3,3,1,23,'2022-01-08 04:01:25'),(298,3,1157,1,1,1,16,'2022-01-08 04:01:26'),(299,3,1157,1,2,1,37,'2022-01-08 04:01:27'),(300,3,1157,1,3,1,52,'2022-01-08 04:01:27'),(301,3,1157,1,4,1,1,'2022-01-08 04:01:27'),(302,3,1157,1,4,2,21,'2022-01-08 04:01:27'),(303,3,1157,1,4,3,48,'2022-01-08 04:01:27'),(304,3,1157,1,5,3,5,'2022-01-08 04:01:27'),(305,3,1157,2,2,1,8,'2022-01-08 04:01:28'),(306,3,1157,2,3,1,9,'2022-01-08 04:01:28'),(307,3,1157,2,4,2,15,'2022-01-08 04:01:28'),(308,3,1157,2,4,3,36,'2022-01-08 04:01:28'),(309,3,1157,2,5,3,4,'2022-01-08 04:01:28'),(310,3,1157,7,1,1,1,'2022-01-08 04:01:28'),(311,3,1157,7,3,1,17,'2022-01-08 04:01:29'),(312,3,1298,7,1,1,3,'2022-01-08 04:01:29'),(313,3,2740,7,1,1,1,'2022-01-08 04:01:30'),(314,3,9407,7,1,1,1,'2022-01-08 04:01:31'),(315,3,12082,1,4,2,1,'2022-01-08 04:01:31'),(316,3,12082,7,1,1,10,'2022-01-08 04:01:31'),(317,3,12082,7,2,1,16,'2022-01-08 04:01:32'),(318,3,12082,7,4,2,2,'2022-01-08 04:01:32'),(319,3,18139,6,1,1,34,'2022-01-08 04:01:33'),(320,3,18139,6,3,1,1,'2022-01-08 04:01:33'),(321,3,24594,7,1,1,11,'2022-01-08 04:01:33'),(322,4,5291,1,1,1,12,'2022-01-08 04:01:35'),(323,4,5291,1,2,1,20,'2022-01-08 04:01:35'),(324,4,5291,1,3,1,10,'2022-01-08 04:01:35'),(325,4,5291,1,4,2,6,'2022-01-08 04:01:35'),(326,4,5291,1,4,3,12,'2022-01-08 04:01:35'),(327,4,5291,1,5,2,1,'2022-01-08 04:01:35'),(328,4,5291,2,1,1,1,'2022-01-08 04:01:36'),(329,4,5291,2,2,1,7,'2022-01-08 04:01:36'),(330,4,5291,2,3,1,3,'2022-01-08 04:01:36'),(331,4,5291,2,4,2,3,'2022-01-08 04:01:36'),(332,4,5291,2,4,3,10,'2022-01-08 04:01:36'),(333,4,5291,2,5,2,1,'2022-01-08 04:01:36'),(334,5,3352,1,1,1,36,'2022-01-08 04:01:38'),(335,5,3352,1,2,1,8,'2022-01-08 04:01:38'),(336,5,3352,2,1,1,2,'2022-01-08 04:01:38'),(337,5,3352,2,2,1,7,'2022-01-08 04:01:38'),(338,5,3352,2,3,1,8,'2022-01-08 04:01:38'),(339,5,3352,2,4,1,26,'2022-01-08 04:01:38'),(340,5,3352,2,4,2,6,'2022-01-08 04:01:39'),(341,5,3352,2,5,1,1,'2022-01-08 04:01:39'),(342,1,3192,1,1,1,186,'2022-01-15 04:01:25'),(343,1,3192,1,2,1,105,'2022-01-15 04:01:26'),(344,1,3192,1,2,2,3,'2022-01-15 04:01:26'),(345,1,3192,1,3,1,51,'2022-01-15 04:01:26'),(346,1,3192,1,4,2,49,'2022-01-15 04:01:26'),(347,1,3192,1,4,3,88,'2022-01-15 04:01:26'),(348,1,3192,1,5,2,11,'2022-01-15 04:01:27'),(349,1,3192,1,5,3,5,'2022-01-15 04:01:27'),(350,1,3192,2,1,1,13,'2022-01-15 04:01:27'),(351,1,3192,2,2,1,8,'2022-01-15 04:01:27'),(352,1,3192,2,3,1,21,'2022-01-15 04:01:28'),(353,1,3192,2,4,2,7,'2022-01-15 04:01:28'),(354,1,3192,2,4,3,41,'2022-01-15 04:01:28'),(355,1,3192,2,5,2,4,'2022-01-15 04:01:28'),(356,1,3192,2,5,3,1,'2022-01-15 04:01:28'),(357,1,3192,3,3,1,1,'2022-01-15 04:01:29'),(358,1,3192,5,1,1,1,'2022-01-15 04:01:29'),(359,1,4493,3,1,1,55,'2022-01-15 04:01:30'),(360,1,4493,3,3,1,49,'2022-01-15 04:01:30'),(361,1,4669,6,1,1,59,'2022-01-15 04:01:31'),(362,1,5146,6,1,1,123,'2022-01-15 04:01:31'),(363,1,7530,7,1,1,4,'2022-01-15 04:01:32'),(364,1,10340,7,1,1,296,'2022-01-15 04:01:33'),(365,1,12590,4,1,1,59,'2022-01-15 04:01:33'),(366,2,1028,1,1,1,14,'2022-01-15 04:01:35'),(367,2,1028,1,2,1,42,'2022-01-15 04:01:35'),(368,2,1028,1,3,1,19,'2022-01-15 04:01:35'),(369,2,1028,1,4,2,13,'2022-01-15 04:01:35'),(370,2,1028,1,4,3,27,'2022-01-15 04:01:36'),(371,2,1028,1,5,2,5,'2022-01-15 04:01:36'),(372,2,1028,1,5,3,3,'2022-01-15 04:01:36'),(373,2,1028,2,1,1,6,'2022-01-15 04:01:36'),(374,2,1028,2,2,1,4,'2022-01-15 04:01:36'),(375,2,1028,2,3,1,9,'2022-01-15 04:01:37'),(376,2,1028,2,4,2,12,'2022-01-15 04:01:37'),(377,2,1028,2,4,3,21,'2022-01-15 04:01:37'),(378,2,1028,2,5,2,2,'2022-01-15 04:01:37'),(379,2,1028,2,5,3,2,'2022-01-15 04:01:37'),(380,2,21318,4,1,1,44,'2022-01-15 04:01:38'),(381,2,24898,1,3,1,2,'2022-01-15 04:01:39'),(382,2,24898,3,1,1,6,'2022-01-15 04:01:39'),(383,2,24898,3,3,1,23,'2022-01-15 04:01:39'),(384,3,1157,1,1,1,18,'2022-01-15 04:01:40'),(385,3,1157,1,2,1,37,'2022-01-15 04:01:40'),(386,3,1157,1,3,1,52,'2022-01-15 04:01:40'),(387,3,1157,1,4,1,1,'2022-01-15 04:01:41'),(388,3,1157,1,4,2,21,'2022-01-15 04:01:41'),(389,3,1157,1,4,3,48,'2022-01-15 04:01:41'),(390,3,1157,1,5,3,5,'2022-01-15 04:01:41'),(391,3,1157,2,2,1,8,'2022-01-15 04:01:42'),(392,3,1157,2,3,1,9,'2022-01-15 04:01:42'),(393,3,1157,2,4,2,15,'2022-01-15 04:01:42'),(394,3,1157,2,4,3,36,'2022-01-15 04:01:42'),(395,3,1157,2,5,3,4,'2022-01-15 04:01:42'),(396,3,1157,7,1,1,1,'2022-01-15 04:01:43'),(397,3,1157,7,3,1,17,'2022-01-15 04:01:43'),(398,3,1298,7,1,1,3,'2022-01-15 04:01:43'),(399,3,2740,7,1,1,1,'2022-01-15 04:01:44'),(400,3,9407,7,1,1,1,'2022-01-15 04:01:45'),(401,3,12082,1,4,2,1,'2022-01-15 04:01:46'),(402,3,12082,7,1,1,10,'2022-01-15 04:01:46'),(403,3,12082,7,2,1,16,'2022-01-15 04:01:46'),(404,3,12082,7,4,2,2,'2022-01-15 04:01:46'),(405,3,18139,6,1,1,34,'2022-01-15 04:01:47'),(406,3,18139,6,3,1,1,'2022-01-15 04:01:47'),(407,3,24594,7,1,1,11,'2022-01-15 04:01:48'),(408,4,5291,1,1,1,12,'2022-01-15 04:01:49'),(409,4,5291,1,2,1,20,'2022-01-15 04:01:49'),(410,4,5291,1,3,1,10,'2022-01-15 04:01:49'),(411,4,5291,1,4,2,6,'2022-01-15 04:01:50'),(412,4,5291,1,4,3,12,'2022-01-15 04:01:50'),(413,4,5291,1,5,2,1,'2022-01-15 04:01:50'),(414,4,5291,2,1,1,1,'2022-01-15 04:01:50'),(415,4,5291,2,2,1,7,'2022-01-15 04:01:50'),(416,4,5291,2,3,1,3,'2022-01-15 04:01:51'),(417,4,5291,2,4,2,3,'2022-01-15 04:01:51'),(418,4,5291,2,4,3,10,'2022-01-15 04:01:51'),(419,4,5291,2,5,2,1,'2022-01-15 04:01:51'),(420,5,3352,1,1,1,36,'2022-01-15 04:01:52'),(421,5,3352,1,2,1,8,'2022-01-15 04:01:52'),(422,5,3352,2,1,1,2,'2022-01-15 04:01:53'),(423,5,3352,2,2,1,7,'2022-01-15 04:01:53'),(424,5,3352,2,3,1,8,'2022-01-15 04:01:53'),(425,5,3352,2,4,1,26,'2022-01-15 04:01:53'),(426,5,3352,2,4,2,6,'2022-01-15 04:01:53'),(427,5,3352,2,5,1,1,'2022-01-15 04:01:54'),(428,1,3192,1,1,1,186,'2022-01-22 04:01:22'),(429,1,3192,1,2,1,100,'2022-01-22 04:01:22'),(430,1,3192,1,2,2,3,'2022-01-22 04:01:22'),(431,1,3192,1,3,1,50,'2022-01-22 04:01:22'),(432,1,3192,1,4,2,48,'2022-01-22 04:01:22'),(433,1,3192,1,4,3,93,'2022-01-22 04:01:22'),(434,1,3192,1,5,2,12,'2022-01-22 04:01:22'),(435,1,3192,1,5,3,6,'2022-01-22 04:01:22'),(436,1,3192,2,1,1,13,'2022-01-22 04:01:22'),(437,1,3192,2,2,1,7,'2022-01-22 04:01:22'),(438,1,3192,2,3,1,20,'2022-01-22 04:01:22'),(439,1,3192,2,4,2,7,'2022-01-22 04:01:22'),(440,1,3192,2,4,3,42,'2022-01-22 04:01:22'),(441,1,3192,2,5,2,4,'2022-01-22 04:01:22'),(442,1,3192,2,5,3,2,'2022-01-22 04:01:22'),(443,1,3192,3,3,1,1,'2022-01-22 04:01:23'),(444,1,3192,5,1,1,1,'2022-01-22 04:01:23'),(445,1,4493,3,1,1,55,'2022-01-22 04:01:23'),(446,1,4493,3,3,1,49,'2022-01-22 04:01:23'),(447,1,4669,6,1,1,59,'2022-01-22 04:01:24'),(448,1,5146,6,1,1,123,'2022-01-22 04:01:25'),(449,1,7530,7,1,1,4,'2022-01-22 04:01:25'),(450,1,10340,7,1,1,296,'2022-01-22 04:01:26'),(451,1,12590,4,1,1,59,'2022-01-22 04:01:27'),(452,2,1028,1,1,1,14,'2022-01-22 04:01:29'),(453,2,1028,1,2,1,42,'2022-01-22 04:01:29'),(454,2,1028,1,3,1,19,'2022-01-22 04:01:29'),(455,2,1028,1,4,2,13,'2022-01-22 04:01:29'),(456,2,1028,1,4,3,27,'2022-01-22 04:01:29'),(457,2,1028,1,5,2,5,'2022-01-22 04:01:29'),(458,2,1028,1,5,3,3,'2022-01-22 04:01:29'),(459,2,1028,2,1,1,6,'2022-01-22 04:01:29'),(460,2,1028,2,2,1,4,'2022-01-22 04:01:29'),(461,2,1028,2,3,1,9,'2022-01-22 04:01:29'),(462,2,1028,2,4,2,12,'2022-01-22 04:01:29'),(463,2,1028,2,4,3,21,'2022-01-22 04:01:29'),(464,2,1028,2,5,2,2,'2022-01-22 04:01:29'),(465,2,1028,2,5,3,2,'2022-01-22 04:01:30'),(466,2,21318,4,1,1,44,'2022-01-22 04:01:30'),(467,2,24898,1,3,1,2,'2022-01-22 04:01:31'),(468,2,24898,3,1,1,6,'2022-01-22 04:01:31'),(469,2,24898,3,3,1,23,'2022-01-22 04:01:31'),(470,3,1157,1,1,1,18,'2022-01-22 04:01:32'),(471,3,1157,1,2,1,37,'2022-01-22 04:01:32'),(472,3,1157,1,3,1,52,'2022-01-22 04:01:32'),(473,3,1157,1,4,1,1,'2022-01-22 04:01:32'),(474,3,1157,1,4,2,21,'2022-01-22 04:01:32'),(475,3,1157,1,4,3,48,'2022-01-22 04:01:32'),(476,3,1157,1,5,3,5,'2022-01-22 04:01:32'),(477,3,1157,2,2,1,8,'2022-01-22 04:01:32'),(478,3,1157,2,3,1,9,'2022-01-22 04:01:33'),(479,3,1157,2,4,2,15,'2022-01-22 04:01:33'),(480,3,1157,2,4,3,36,'2022-01-22 04:01:33'),(481,3,1157,2,5,3,4,'2022-01-22 04:01:33'),(482,3,1157,7,1,1,1,'2022-01-22 04:01:33'),(483,3,1157,7,3,1,17,'2022-01-22 04:01:33'),(484,3,1298,7,1,1,3,'2022-01-22 04:01:34'),(485,3,2740,7,1,1,1,'2022-01-22 04:01:35'),(486,3,9407,7,1,1,1,'2022-01-22 04:01:35'),(487,3,12082,1,4,2,1,'2022-01-22 04:01:36'),(488,3,12082,7,1,1,10,'2022-01-22 04:01:36'),(489,3,12082,7,2,1,16,'2022-01-22 04:01:36'),(490,3,12082,7,4,2,2,'2022-01-22 04:01:36'),(491,3,18139,6,1,1,34,'2022-01-22 04:01:37'),(492,3,18139,6,3,1,1,'2022-01-22 04:01:37'),(493,3,24594,7,1,1,11,'2022-01-22 04:01:38'),(494,4,5291,1,1,1,12,'2022-01-22 04:01:40'),(495,4,5291,1,2,1,20,'2022-01-22 04:01:40'),(496,4,5291,1,3,1,10,'2022-01-22 04:01:40'),(497,4,5291,1,4,2,6,'2022-01-22 04:01:40'),(498,4,5291,1,4,3,12,'2022-01-22 04:01:40'),(499,4,5291,1,5,1,1,'2022-01-22 04:01:40'),(500,4,5291,1,5,2,1,'2022-01-22 04:01:40'),(501,4,5291,2,1,1,1,'2022-01-22 04:01:40'),(502,4,5291,2,2,1,7,'2022-01-22 04:01:40'),(503,4,5291,2,3,1,3,'2022-01-22 04:01:40'),(504,4,5291,2,4,2,3,'2022-01-22 04:01:40'),(505,4,5291,2,4,3,10,'2022-01-22 04:01:40'),(506,4,5291,2,5,1,1,'2022-01-22 04:01:40'),(507,4,5291,2,5,2,1,'2022-01-22 04:01:40'),(508,5,3352,1,1,1,36,'2022-01-22 04:01:41'),(509,5,3352,1,2,1,8,'2022-01-22 04:01:41'),(510,5,3352,2,1,1,2,'2022-01-22 04:01:41'),(511,5,3352,2,2,1,7,'2022-01-22 04:01:42'),(512,5,3352,2,3,1,8,'2022-01-22 04:01:42'),(513,5,3352,2,4,1,26,'2022-01-22 04:01:42'),(514,5,3352,2,4,2,6,'2022-01-22 04:01:42'),(515,5,3352,2,5,1,1,'2022-01-22 04:01:42'),(516,1,3192,1,1,1,186,'2022-01-29 04:01:30'),(517,1,3192,1,2,1,97,'2022-01-29 04:01:30'),(518,1,3192,1,2,2,3,'2022-01-29 04:01:30'),(519,1,3192,1,3,1,50,'2022-01-29 04:01:31'),(520,1,3192,1,4,2,49,'2022-01-29 04:01:31'),(521,1,3192,1,4,3,95,'2022-01-29 04:01:31'),(522,1,3192,1,5,2,12,'2022-01-29 04:01:31'),(523,1,3192,1,5,3,6,'2022-01-29 04:01:31'),(524,1,3192,2,1,1,13,'2022-01-29 04:01:31'),(525,1,3192,2,2,1,4,'2022-01-29 04:01:32'),(526,1,3192,2,3,1,20,'2022-01-29 04:01:32'),(527,1,3192,2,4,2,8,'2022-01-29 04:01:32'),(528,1,3192,2,4,3,44,'2022-01-29 04:01:32'),(529,1,3192,2,5,2,4,'2022-01-29 04:01:32'),(530,1,3192,2,5,3,2,'2022-01-29 04:01:32'),(531,1,3192,3,3,1,1,'2022-01-29 04:01:33'),(532,1,3192,5,1,1,1,'2022-01-29 04:01:33'),(533,1,4493,3,1,1,55,'2022-01-29 04:01:33'),(534,1,4493,3,3,1,49,'2022-01-29 04:01:34'),(535,1,4669,6,1,1,59,'2022-01-29 04:01:34'),(536,1,5146,6,1,1,123,'2022-01-29 04:01:36'),(537,1,7530,7,1,1,4,'2022-01-29 04:01:37'),(538,1,10340,7,1,1,296,'2022-01-29 04:01:38'),(539,1,12590,4,1,1,59,'2022-01-29 04:01:39'),(540,1,26164,2,1,1,12,'2022-01-29 04:01:40'),(541,2,1028,1,1,1,14,'2022-01-29 04:01:43'),(542,2,1028,1,2,1,42,'2022-01-29 04:01:43'),(543,2,1028,1,3,1,19,'2022-01-29 04:01:43'),(544,2,1028,1,4,2,13,'2022-01-29 04:01:43'),(545,2,1028,1,4,3,27,'2022-01-29 04:01:43'),(546,2,1028,1,5,2,5,'2022-01-29 04:01:43'),(547,2,1028,1,5,3,3,'2022-01-29 04:01:44'),(548,2,1028,2,1,1,6,'2022-01-29 04:01:44'),(549,2,1028,2,2,1,4,'2022-01-29 04:01:44'),(550,2,1028,2,3,1,9,'2022-01-29 04:01:44'),(551,2,1028,2,4,2,12,'2022-01-29 04:01:44'),(552,2,1028,2,4,3,21,'2022-01-29 04:01:44'),(553,2,1028,2,5,2,2,'2022-01-29 04:01:45'),(554,2,1028,2,5,3,2,'2022-01-29 04:01:45'),(555,2,21318,4,1,1,44,'2022-01-29 04:01:46'),(556,2,24898,1,3,1,2,'2022-01-29 04:01:47'),(557,2,24898,3,1,1,6,'2022-01-29 04:01:47'),(558,2,24898,3,3,1,23,'2022-01-29 04:01:47'),(559,3,1157,1,1,1,18,'2022-01-29 04:01:49'),(560,3,1157,1,2,1,37,'2022-01-29 04:01:49'),(561,3,1157,1,3,1,52,'2022-01-29 04:01:49'),(562,3,1157,1,4,1,1,'2022-01-29 04:01:49'),(563,3,1157,1,4,2,21,'2022-01-29 04:01:49'),(564,3,1157,1,4,3,48,'2022-01-29 04:01:50'),(565,3,1157,1,5,3,5,'2022-01-29 04:01:50'),(566,3,1157,2,2,1,8,'2022-01-29 04:01:50'),(567,3,1157,2,3,1,9,'2022-01-29 04:01:50'),(568,3,1157,2,4,2,15,'2022-01-29 04:01:50'),(569,3,1157,2,4,3,36,'2022-01-29 04:01:50'),(570,3,1157,2,5,3,4,'2022-01-29 04:01:51'),(571,3,1157,7,1,1,1,'2022-01-29 04:01:51'),(572,3,1157,7,3,1,17,'2022-01-29 04:01:51'),(573,3,1298,7,1,1,3,'2022-01-29 04:01:51'),(574,3,2740,7,1,1,1,'2022-01-29 04:01:52'),(575,3,9407,7,1,1,1,'2022-01-29 04:01:53'),(576,3,12082,1,4,2,1,'2022-01-29 04:01:54'),(577,3,12082,7,1,1,10,'2022-01-29 04:01:54'),(578,3,12082,7,2,1,16,'2022-01-29 04:01:54'),(579,3,12082,7,4,2,2,'2022-01-29 04:01:54'),(580,3,18139,6,1,1,34,'2022-01-29 04:01:55'),(581,3,18139,6,3,1,1,'2022-01-29 04:01:55'),(582,3,24594,7,1,1,11,'2022-01-29 04:01:56'),(583,4,5291,1,1,1,12,'2022-01-29 04:01:58'),(584,4,5291,1,2,1,20,'2022-01-29 04:01:58'),(585,4,5291,1,3,1,10,'2022-01-29 04:01:58'),(586,4,5291,1,4,2,6,'2022-01-29 04:01:58'),(587,4,5291,1,4,3,12,'2022-01-29 04:01:58'),(588,4,5291,1,5,1,1,'2022-01-29 04:01:59'),(589,4,5291,1,5,2,1,'2022-01-29 04:01:59'),(590,4,5291,2,1,1,1,'2022-01-29 04:01:59'),(591,4,5291,2,2,1,7,'2022-01-29 04:01:59'),(592,4,5291,2,3,1,3,'2022-01-29 04:01:59'),(593,4,5291,2,4,2,3,'2022-01-29 04:01:59'),(594,4,5291,2,4,3,10,'2022-01-29 04:02:00'),(595,4,5291,2,5,1,1,'2022-01-29 04:02:00'),(596,4,5291,2,5,2,1,'2022-01-29 04:02:00'),(597,5,3352,1,1,1,36,'2022-01-29 04:02:01'),(598,5,3352,1,2,1,8,'2022-01-29 04:02:02'),(599,5,3352,2,1,1,2,'2022-01-29 04:02:02'),(600,5,3352,2,2,1,7,'2022-01-29 04:02:02'),(601,5,3352,2,3,1,8,'2022-01-29 04:02:02'),(602,5,3352,2,4,1,26,'2022-01-29 04:02:02'),(603,5,3352,2,4,2,6,'2022-01-29 04:02:02'),(604,5,3352,2,5,1,1,'2022-01-29 04:02:02'),(605,1,3192,1,1,1,187,'2022-02-05 04:02:12'),(606,1,3192,1,2,1,96,'2022-02-05 04:02:12'),(607,1,3192,1,2,2,3,'2022-02-05 04:02:12'),(608,1,3192,1,3,1,50,'2022-02-05 04:02:12'),(609,1,3192,1,4,2,49,'2022-02-05 04:02:12'),(610,1,3192,1,4,3,96,'2022-02-05 04:02:13'),(611,1,3192,1,5,2,12,'2022-02-05 04:02:13'),(612,1,3192,1,5,3,6,'2022-02-05 04:02:13'),(613,1,3192,2,1,1,13,'2022-02-05 04:02:13'),(614,1,3192,2,2,1,3,'2022-02-05 04:02:13'),(615,1,3192,2,3,1,20,'2022-02-05 04:02:14'),(616,1,3192,2,4,2,8,'2022-02-05 04:02:14'),(617,1,3192,2,4,3,45,'2022-02-05 04:02:14'),(618,1,3192,2,5,2,4,'2022-02-05 04:02:14'),(619,1,3192,2,5,3,2,'2022-02-05 04:02:14'),(620,1,3192,3,3,1,1,'2022-02-05 04:02:15'),(621,1,3192,5,1,1,1,'2022-02-05 04:02:15'),(622,1,4493,3,1,1,55,'2022-02-05 04:02:17'),(623,1,4493,3,3,1,49,'2022-02-05 04:02:17'),(624,1,4669,6,1,1,59,'2022-02-05 04:02:18'),(625,1,5146,6,1,1,123,'2022-02-05 04:02:19'),(626,1,7530,7,1,1,4,'2022-02-05 04:02:19'),(627,1,10340,7,1,1,296,'2022-02-05 04:02:20'),(628,1,12590,4,1,1,59,'2022-02-05 04:02:21'),(629,1,26164,2,1,1,12,'2022-02-05 04:02:22'),(630,2,1028,1,1,1,14,'2022-02-05 04:02:23'),(631,2,1028,1,2,1,42,'2022-02-05 04:02:23'),(632,2,1028,1,3,1,19,'2022-02-05 04:02:24'),(633,2,1028,1,4,2,13,'2022-02-05 04:02:24'),(634,2,1028,1,4,3,29,'2022-02-05 04:02:24'),(635,2,1028,1,5,2,5,'2022-02-05 04:02:24'),(636,2,1028,1,5,3,1,'2022-02-05 04:02:24'),(637,2,1028,2,1,1,6,'2022-02-05 04:02:25'),(638,2,1028,2,2,1,4,'2022-02-05 04:02:25'),(639,2,1028,2,3,1,9,'2022-02-05 04:02:25'),(640,2,1028,2,4,2,12,'2022-02-05 04:02:25'),(641,2,1028,2,4,3,22,'2022-02-05 04:02:25'),(642,2,1028,2,5,2,2,'2022-02-05 04:02:26'),(643,2,1028,2,5,3,1,'2022-02-05 04:02:26'),(644,2,21318,4,1,1,46,'2022-02-05 04:02:26'),(645,2,24898,1,3,1,2,'2022-02-05 04:02:28'),(646,2,24898,3,1,1,6,'2022-02-05 04:02:28'),(647,2,24898,3,3,1,23,'2022-02-05 04:02:28'),(648,3,1157,1,1,1,18,'2022-02-05 04:02:29'),(649,3,1157,1,2,1,37,'2022-02-05 04:02:29'),(650,3,1157,1,3,1,52,'2022-02-05 04:02:30'),(651,3,1157,1,4,1,1,'2022-02-05 04:02:30'),(652,3,1157,1,4,2,21,'2022-02-05 04:02:30'),(653,3,1157,1,4,3,48,'2022-02-05 04:02:30'),(654,3,1157,1,5,3,5,'2022-02-05 04:02:30'),(655,3,1157,2,2,1,8,'2022-02-05 04:02:31'),(656,3,1157,2,3,1,9,'2022-02-05 04:02:31'),(657,3,1157,2,4,2,15,'2022-02-05 04:02:31'),(658,3,1157,2,4,3,36,'2022-02-05 04:02:31'),(659,3,1157,2,5,3,4,'2022-02-05 04:02:31'),(660,3,1157,7,1,1,1,'2022-02-05 04:02:32'),(661,3,1157,7,3,1,17,'2022-02-05 04:02:32'),(662,3,1298,7,1,1,3,'2022-02-05 04:02:32'),(663,3,2740,7,1,1,1,'2022-02-05 04:02:33'),(664,3,9407,7,1,1,1,'2022-02-05 04:02:34'),(665,3,12082,1,4,2,1,'2022-02-05 04:02:35'),(666,3,12082,7,1,1,10,'2022-02-05 04:02:35'),(667,3,12082,7,2,1,16,'2022-02-05 04:02:35'),(668,3,12082,7,4,2,2,'2022-02-05 04:02:36'),(669,3,18139,6,1,1,34,'2022-02-05 04:02:37'),(670,3,18139,6,3,1,1,'2022-02-05 04:02:37'),(671,3,24594,7,1,1,11,'2022-02-05 04:02:37'),(672,4,5291,1,1,1,12,'2022-02-05 04:02:38'),(673,4,5291,1,2,1,20,'2022-02-05 04:02:39'),(674,4,5291,1,3,1,10,'2022-02-05 04:02:39'),(675,4,5291,1,4,2,6,'2022-02-05 04:02:39'),(676,4,5291,1,4,3,12,'2022-02-05 04:02:39'),(677,4,5291,1,5,1,1,'2022-02-05 04:02:39'),(678,4,5291,1,5,2,1,'2022-02-05 04:02:40'),(679,4,5291,2,1,1,1,'2022-02-05 04:02:40'),(680,4,5291,2,2,1,7,'2022-02-05 04:02:40'),(681,4,5291,2,3,1,3,'2022-02-05 04:02:40'),(682,4,5291,2,4,2,3,'2022-02-05 04:02:40'),(683,4,5291,2,4,3,10,'2022-02-05 04:02:41'),(684,4,5291,2,5,1,1,'2022-02-05 04:02:41'),(685,4,5291,2,5,2,1,'2022-02-05 04:02:41'),(686,5,3352,1,1,1,36,'2022-02-05 04:02:43'),(687,5,3352,1,2,1,8,'2022-02-05 04:02:43'),(688,5,3352,2,1,1,2,'2022-02-05 04:02:43'),(689,5,3352,2,2,1,7,'2022-02-05 04:02:43'),(690,5,3352,2,3,1,8,'2022-02-05 04:02:43'),(691,5,3352,2,4,1,26,'2022-02-05 04:02:44'),(692,5,3352,2,4,2,6,'2022-02-05 04:02:44'),(693,5,3352,2,5,1,1,'2022-02-05 04:02:44'),(694,1,3192,1,1,1,173,'2022-02-12 04:02:21'),(695,1,3192,1,2,1,98,'2022-02-12 04:02:21'),(696,1,3192,1,2,2,3,'2022-02-12 04:02:21'),(697,1,3192,1,3,1,52,'2022-02-12 04:02:21'),(698,1,3192,1,4,2,51,'2022-02-12 04:02:21'),(699,1,3192,1,4,3,103,'2022-02-12 04:02:21'),(700,1,3192,1,5,2,12,'2022-02-12 04:02:22'),(701,1,3192,1,5,3,6,'2022-02-12 04:02:22'),(702,1,3192,2,2,1,7,'2022-02-12 04:02:22'),(703,1,3192,2,3,1,23,'2022-02-12 04:02:22'),(704,1,3192,2,4,2,9,'2022-02-12 04:02:22'),(705,1,3192,2,4,3,50,'2022-02-12 04:02:22'),(706,1,3192,2,5,2,4,'2022-02-12 04:02:23'),(707,1,3192,2,5,3,2,'2022-02-12 04:02:23'),(708,1,3192,5,1,1,1,'2022-02-12 04:02:23'),(709,1,4493,3,1,1,55,'2022-02-12 04:02:24'),(710,1,4493,3,3,1,49,'2022-02-12 04:02:24'),(711,1,4669,6,1,1,59,'2022-02-12 04:02:25'),(712,1,5146,6,1,1,123,'2022-02-12 04:02:25'),(713,1,7530,7,1,1,4,'2022-02-12 04:02:26'),(714,1,10340,7,1,1,296,'2022-02-12 04:02:27'),(715,1,12590,4,1,1,59,'2022-02-12 04:02:28'),(716,1,26164,1,1,1,1,'2022-02-12 04:02:29'),(717,1,26164,2,1,1,28,'2022-02-12 04:02:29'),(718,2,1028,1,1,1,16,'2022-02-12 04:02:33'),(719,2,1028,1,2,1,48,'2022-02-12 04:02:33'),(720,2,1028,1,3,1,19,'2022-02-12 04:02:33'),(721,2,1028,1,4,2,13,'2022-02-12 04:02:33'),(722,2,1028,1,4,3,29,'2022-02-12 04:02:33'),(723,2,1028,1,5,2,5,'2022-02-12 04:02:33'),(724,2,1028,1,5,3,1,'2022-02-12 04:02:33'),(725,2,1028,2,1,1,6,'2022-02-12 04:02:34'),(726,2,1028,2,2,1,5,'2022-02-12 04:02:34'),(727,2,1028,2,3,1,9,'2022-02-12 04:02:34'),(728,2,1028,2,4,2,12,'2022-02-12 04:02:34'),(729,2,1028,2,4,3,22,'2022-02-12 04:02:34'),(730,2,1028,2,5,2,2,'2022-02-12 04:02:34'),(731,2,1028,2,5,3,1,'2022-02-12 04:02:35'),(732,2,21318,4,1,1,46,'2022-02-12 04:02:37'),(733,2,24898,1,3,1,2,'2022-02-12 04:02:38'),(734,2,24898,3,1,1,6,'2022-02-12 04:02:38'),(735,2,24898,3,3,1,23,'2022-02-12 04:02:38'),(736,3,1157,1,1,1,19,'2022-02-12 04:02:39'),(737,3,1157,1,2,1,37,'2022-02-12 04:02:39'),(738,3,1157,1,3,1,52,'2022-02-12 04:02:40'),(739,3,1157,1,4,1,1,'2022-02-12 04:02:40'),(740,3,1157,1,4,2,21,'2022-02-12 04:02:40'),(741,3,1157,1,4,3,48,'2022-02-12 04:02:40'),(742,3,1157,1,5,3,5,'2022-02-12 04:02:40'),(743,3,1157,2,1,1,1,'2022-02-12 04:02:40'),(744,3,1157,2,2,1,8,'2022-02-12 04:02:41'),(745,3,1157,2,3,1,9,'2022-02-12 04:02:41'),(746,3,1157,2,4,2,15,'2022-02-12 04:02:41'),(747,3,1157,2,4,3,36,'2022-02-12 04:02:41'),(748,3,1157,2,5,3,4,'2022-02-12 04:02:41'),(749,3,1157,7,1,1,1,'2022-02-12 04:02:41'),(750,3,1157,7,3,1,17,'2022-02-12 04:02:41'),(751,3,1298,7,1,1,3,'2022-02-12 04:02:42'),(752,3,2740,7,1,1,1,'2022-02-12 04:02:43'),(753,3,9407,7,1,1,1,'2022-02-12 04:02:44'),(754,3,12082,1,4,2,1,'2022-02-12 04:02:44'),(755,3,12082,7,1,1,10,'2022-02-12 04:02:45'),(756,3,12082,7,2,1,16,'2022-02-12 04:02:45'),(757,3,12082,7,4,2,2,'2022-02-12 04:02:45'),(758,3,18139,6,1,1,34,'2022-02-12 04:02:46'),(759,3,18139,6,3,1,1,'2022-02-12 04:02:46'),(760,3,24594,7,1,1,11,'2022-02-12 04:02:46'),(761,4,5291,1,1,1,12,'2022-02-12 04:02:48'),(762,4,5291,1,2,1,20,'2022-02-12 04:02:48'),(763,4,5291,1,3,1,10,'2022-02-12 04:02:48'),(764,4,5291,1,4,2,6,'2022-02-12 04:02:48'),(765,4,5291,1,4,3,12,'2022-02-12 04:02:49'),(766,4,5291,1,5,1,1,'2022-02-12 04:02:49'),(767,4,5291,1,5,2,1,'2022-02-12 04:02:49'),(768,4,5291,2,1,1,1,'2022-02-12 04:02:49'),(769,4,5291,2,2,1,7,'2022-02-12 04:02:49'),(770,4,5291,2,3,1,3,'2022-02-12 04:02:49'),(771,4,5291,2,4,2,3,'2022-02-12 04:02:50'),(772,4,5291,2,4,3,10,'2022-02-12 04:02:50'),(773,4,5291,2,5,1,1,'2022-02-12 04:02:50'),(774,4,5291,2,5,2,1,'2022-02-12 04:02:50'),(775,5,3352,1,1,1,36,'2022-02-12 04:02:51'),(776,5,3352,1,2,1,8,'2022-02-12 04:02:51'),(777,5,3352,2,1,1,2,'2022-02-12 04:02:51'),(778,5,3352,2,2,1,7,'2022-02-12 04:02:52'),(779,5,3352,2,3,1,8,'2022-02-12 04:02:52'),(780,5,3352,2,4,1,26,'2022-02-12 04:02:52'),(781,5,3352,2,4,2,6,'2022-02-12 04:02:52'),(782,5,3352,2,5,1,1,'2022-02-12 04:02:52'),(783,1,3192,1,1,1,173,'2022-02-19 04:01:17'),(784,1,3192,1,2,1,99,'2022-02-19 04:01:17'),(785,1,3192,1,2,2,3,'2022-02-19 04:01:17'),(786,1,3192,1,3,1,52,'2022-02-19 04:01:18'),(787,1,3192,1,4,2,51,'2022-02-19 04:01:18'),(788,1,3192,1,4,3,103,'2022-02-19 04:01:18'),(789,1,3192,1,5,2,12,'2022-02-19 04:01:18'),(790,1,3192,1,5,3,6,'2022-02-19 04:01:18'),(791,1,3192,2,1,1,29,'2022-02-19 04:01:18'),(792,1,3192,2,2,1,7,'2022-02-19 04:01:19'),(793,1,3192,2,3,1,23,'2022-02-19 04:01:19'),(794,1,3192,2,4,2,9,'2022-02-19 04:01:19'),(795,1,3192,2,4,3,50,'2022-02-19 04:01:19'),(796,1,3192,2,5,2,4,'2022-02-19 04:01:19'),(797,1,3192,2,5,3,2,'2022-02-19 04:01:19'),(798,1,3192,5,1,1,1,'2022-02-19 04:01:19'),(799,1,4493,3,1,1,55,'2022-02-19 04:01:20'),(800,1,4493,3,3,1,49,'2022-02-19 04:01:20'),(801,1,4669,6,1,1,59,'2022-02-19 04:01:22'),(802,1,5146,6,1,1,123,'2022-02-19 04:01:22'),(803,1,10340,7,1,1,289,'2022-02-19 04:01:23'),(804,1,12590,4,1,1,59,'2022-02-19 04:01:24'),(805,1,26164,1,1,1,1,'2022-02-19 04:01:26'),(806,1,26164,2,1,1,29,'2022-02-19 04:01:26'),(807,2,1028,1,1,1,16,'2022-02-19 04:01:27'),(808,2,1028,1,2,1,48,'2022-02-19 04:01:28'),(809,2,1028,1,3,1,19,'2022-02-19 04:01:28'),(810,2,1028,1,4,2,13,'2022-02-19 04:01:28'),(811,2,1028,1,4,3,29,'2022-02-19 04:01:28'),(812,2,1028,1,5,2,5,'2022-02-19 04:01:28'),(813,2,1028,1,5,3,1,'2022-02-19 04:01:28'),(814,2,1028,2,1,1,6,'2022-02-19 04:01:29'),(815,2,1028,2,2,1,5,'2022-02-19 04:01:29'),(816,2,1028,2,3,1,9,'2022-02-19 04:01:29'),(817,2,1028,2,4,2,12,'2022-02-19 04:01:29'),(818,2,1028,2,4,3,22,'2022-02-19 04:01:29'),(819,2,1028,2,5,2,2,'2022-02-19 04:01:29'),(820,2,1028,2,5,3,1,'2022-02-19 04:01:30'),(821,2,21318,4,1,1,46,'2022-02-19 04:01:30'),(822,2,24898,1,3,1,2,'2022-02-19 04:01:31'),(823,2,24898,3,1,1,6,'2022-02-19 04:01:31'),(824,2,24898,3,3,1,23,'2022-02-19 04:01:31'),(825,3,1157,1,1,1,19,'2022-02-19 04:01:33'),(826,3,1157,1,2,1,37,'2022-02-19 04:01:33'),(827,3,1157,1,3,1,52,'2022-02-19 04:01:33'),(828,3,1157,1,4,1,1,'2022-02-19 04:01:33'),(829,3,1157,1,4,2,21,'2022-02-19 04:01:33'),(830,3,1157,1,4,3,48,'2022-02-19 04:01:33'),(831,3,1157,1,5,3,5,'2022-02-19 04:01:34'),(832,3,1157,2,1,1,1,'2022-02-19 04:01:34'),(833,3,1157,2,2,1,8,'2022-02-19 04:01:34'),(834,3,1157,2,3,1,9,'2022-02-19 04:01:34'),(835,3,1157,2,4,2,15,'2022-02-19 04:01:34'),(836,3,1157,2,4,3,36,'2022-02-19 04:01:34'),(837,3,1157,2,5,3,4,'2022-02-19 04:01:34'),(838,3,1157,7,1,1,1,'2022-02-19 04:01:35'),(839,3,1157,7,3,1,17,'2022-02-19 04:01:35'),(840,3,1298,7,1,1,3,'2022-02-19 04:01:36'),(841,3,2740,7,1,1,1,'2022-02-19 04:01:36'),(842,3,9407,7,1,1,1,'2022-02-19 04:01:37'),(843,3,12082,1,4,2,1,'2022-02-19 04:01:38'),(844,3,12082,7,1,1,10,'2022-02-19 04:01:38'),(845,3,12082,7,2,1,16,'2022-02-19 04:01:38'),(846,3,12082,7,4,2,2,'2022-02-19 04:01:38'),(847,3,18139,6,1,1,34,'2022-02-19 04:01:39'),(848,3,18139,6,3,1,1,'2022-02-19 04:01:39'),(849,3,24594,7,1,1,11,'2022-02-19 04:01:40'),(850,4,5291,1,1,1,12,'2022-02-19 04:01:41'),(851,4,5291,1,2,1,20,'2022-02-19 04:01:41'),(852,4,5291,1,3,1,10,'2022-02-19 04:01:41'),(853,4,5291,1,4,2,6,'2022-02-19 04:01:41'),(854,4,5291,1,4,3,12,'2022-02-19 04:01:42'),(855,4,5291,1,5,1,1,'2022-02-19 04:01:42'),(856,4,5291,1,5,2,1,'2022-02-19 04:01:42'),(857,4,5291,2,1,1,1,'2022-02-19 04:01:42'),(858,4,5291,2,2,1,7,'2022-02-19 04:01:42'),(859,4,5291,2,3,1,3,'2022-02-19 04:01:42'),(860,4,5291,2,4,2,3,'2022-02-19 04:01:42'),(861,4,5291,2,4,3,10,'2022-02-19 04:01:43'),(862,4,5291,2,5,1,1,'2022-02-19 04:01:43'),(863,4,5291,2,5,2,1,'2022-02-19 04:01:43'),(864,5,3352,1,1,1,36,'2022-02-19 04:01:44'),(865,5,3352,1,2,1,8,'2022-02-19 04:01:45'),(866,5,3352,2,1,1,2,'2022-02-19 04:01:45'),(867,5,3352,2,2,1,7,'2022-02-19 04:01:45'),(868,5,3352,2,3,1,8,'2022-02-19 04:01:45'),(869,5,3352,2,4,1,26,'2022-02-19 04:01:45'),(870,5,3352,2,4,2,6,'2022-02-19 04:01:45'),(871,5,3352,2,5,1,1,'2022-02-19 04:01:46'),(872,1,3192,1,1,1,199,'2022-02-26 04:01:32'),(873,1,3192,1,2,1,98,'2022-02-26 04:01:32'),(874,1,3192,1,2,2,4,'2022-02-26 04:01:32'),(875,1,3192,1,3,1,55,'2022-02-26 04:01:32'),(876,1,3192,1,4,2,51,'2022-02-26 04:01:33'),(877,1,3192,1,4,3,104,'2022-02-26 04:01:33'),(878,1,3192,1,5,2,12,'2022-02-26 04:01:33'),(879,1,3192,1,5,3,9,'2022-02-26 04:01:33'),(880,1,3192,2,2,1,2,'2022-02-26 04:01:33'),(881,1,3192,2,2,2,1,'2022-02-26 04:01:33'),(882,1,3192,2,3,1,26,'2022-02-26 04:01:33'),(883,1,3192,2,4,2,8,'2022-02-26 04:01:33'),(884,1,3192,2,4,3,51,'2022-02-26 04:01:33'),(885,1,3192,2,5,2,4,'2022-02-26 04:01:33'),(886,1,3192,2,5,3,5,'2022-02-26 04:01:33'),(887,1,3192,5,1,1,1,'2022-02-26 04:01:33'),(888,1,4493,3,1,1,55,'2022-02-26 04:01:34'),(889,1,4493,3,3,1,49,'2022-02-26 04:01:34'),(890,1,4669,6,1,1,59,'2022-02-26 04:01:35'),(891,1,5146,6,1,1,123,'2022-02-26 04:01:36'),(892,1,10340,7,1,1,289,'2022-02-26 04:01:37'),(893,1,12590,4,1,1,59,'2022-02-26 04:01:38'),(894,1,26164,1,1,1,2,'2022-02-26 04:01:39'),(895,1,26164,2,1,1,28,'2022-02-26 04:01:39'),(896,1,26622,1,1,1,2,'2022-02-26 04:01:39'),(897,2,1028,1,1,1,11,'2022-02-26 04:01:41'),(898,2,1028,1,2,1,58,'2022-02-26 04:01:41'),(899,2,1028,1,3,1,14,'2022-02-26 04:01:41'),(900,2,1028,1,4,2,14,'2022-02-26 04:01:41'),(901,2,1028,1,4,3,27,'2022-02-26 04:01:41'),(902,2,1028,1,5,2,6,'2022-02-26 04:01:41'),(903,2,1028,1,5,3,2,'2022-02-26 04:01:41'),(904,2,1028,2,2,1,16,'2022-02-26 04:01:41'),(905,2,1028,2,3,1,4,'2022-02-26 04:01:41'),(906,2,1028,2,4,2,13,'2022-02-26 04:01:41'),(907,2,1028,2,4,3,20,'2022-02-26 04:01:41'),(908,2,1028,2,5,2,3,'2022-02-26 04:01:41'),(909,2,1028,2,5,3,2,'2022-02-26 04:01:41'),(910,2,21318,4,1,1,46,'2022-02-26 04:01:42'),(911,2,24898,1,3,1,2,'2022-02-26 04:01:43'),(912,2,24898,3,1,1,6,'2022-02-26 04:01:43'),(913,2,24898,3,3,1,23,'2022-02-26 04:01:43'),(914,3,1157,1,1,1,20,'2022-02-26 04:01:44'),(915,3,1157,1,2,1,37,'2022-02-26 04:01:44'),(916,3,1157,1,3,1,52,'2022-02-26 04:01:44'),(917,3,1157,1,4,1,1,'2022-02-26 04:01:44'),(918,3,1157,1,4,2,21,'2022-02-26 04:01:45'),(919,3,1157,1,4,3,48,'2022-02-26 04:01:45'),(920,3,1157,1,5,3,5,'2022-02-26 04:01:45'),(921,3,1157,2,1,1,2,'2022-02-26 04:01:45'),(922,3,1157,2,2,1,8,'2022-02-26 04:01:45'),(923,3,1157,2,3,1,9,'2022-02-26 04:01:45'),(924,3,1157,2,4,2,15,'2022-02-26 04:01:45'),(925,3,1157,2,4,3,36,'2022-02-26 04:01:45'),(926,3,1157,2,5,3,4,'2022-02-26 04:01:45'),(927,3,1157,7,1,1,1,'2022-02-26 04:01:45'),(928,3,1157,7,3,1,17,'2022-02-26 04:01:45'),(929,3,1298,7,1,1,3,'2022-02-26 04:01:46'),(930,3,2740,7,1,1,1,'2022-02-26 04:01:47'),(931,3,9407,7,1,1,1,'2022-02-26 04:01:47'),(932,3,12082,1,4,2,1,'2022-02-26 04:01:48'),(933,3,12082,7,1,1,10,'2022-02-26 04:01:48'),(934,3,12082,7,2,1,16,'2022-02-26 04:01:48'),(935,3,12082,7,4,2,2,'2022-02-26 04:01:48'),(936,3,18139,6,1,1,34,'2022-02-26 04:01:49'),(937,3,18139,6,3,1,1,'2022-02-26 04:01:49'),(938,3,24594,7,1,1,11,'2022-02-26 04:01:49'),(939,4,5291,1,1,1,12,'2022-02-26 04:01:51'),(940,4,5291,1,2,1,20,'2022-02-26 04:01:51'),(941,4,5291,1,3,1,10,'2022-02-26 04:01:51'),(942,4,5291,1,4,2,6,'2022-02-26 04:01:51'),(943,4,5291,1,4,3,12,'2022-02-26 04:01:51'),(944,4,5291,1,5,1,1,'2022-02-26 04:01:51'),(945,4,5291,1,5,2,1,'2022-02-26 04:01:51'),(946,4,5291,2,1,1,1,'2022-02-26 04:01:51'),(947,4,5291,2,2,1,7,'2022-02-26 04:01:51'),(948,4,5291,2,3,1,3,'2022-02-26 04:01:51'),(949,4,5291,2,4,2,3,'2022-02-26 04:01:51'),(950,4,5291,2,4,3,10,'2022-02-26 04:01:51'),(951,4,5291,2,5,1,1,'2022-02-26 04:01:51'),(952,4,5291,2,5,2,1,'2022-02-26 04:01:51');
/*!40000 ALTER TABLE `report_test_case_coverage` ENABLE KEYS */;
UNLOCK TABLES;

--
-- Table structure for table `test_automation_coverage`
--

DROP TABLE IF EXISTS `test_automation_coverage`;
/*!40101 SET @saved_cs_client     = @@character_set_client */;
/*!50503 SET character_set_client = utf8mb4 */;
CREATE TABLE `test_automation_coverage` (
  `id` int(11) NOT NULL AUTO_INCREMENT,
  `testrail_id` int(11) NOT NULL,
  `coverage` varchar(75) DEFAULT NULL,
  PRIMARY KEY (`id`)
) ENGINE=InnoDB AUTO_INCREMENT=4 DEFAULT CHARSET=utf8;
/*!40101 SET character_set_client = @saved_cs_client */;

--
-- Dumping data for table `test_automation_coverage`
--

LOCK TABLES `test_automation_coverage` WRITE;
/*!40000 ALTER TABLE `test_automation_coverage` DISABLE KEYS */;
INSERT INTO `test_automation_coverage` VALUES (1,1,'None'),(2,2,'Partial'),(3,3,'Full');
/*!40000 ALTER TABLE `test_automation_coverage` ENABLE KEYS */;
UNLOCK TABLES;

--
-- Table structure for table `test_automation_status`
--

DROP TABLE IF EXISTS `test_automation_status`;
/*!40101 SET @saved_cs_client     = @@character_set_client */;
/*!50503 SET character_set_client = utf8mb4 */;
CREATE TABLE `test_automation_status` (
  `id` int(11) NOT NULL AUTO_INCREMENT,
  `testrail_id` int(11) NOT NULL,
  `status` varchar(75) DEFAULT NULL,
  PRIMARY KEY (`id`)
) ENGINE=InnoDB AUTO_INCREMENT=6 DEFAULT CHARSET=utf8;
/*!40101 SET character_set_client = @saved_cs_client */;

--
-- Dumping data for table `test_automation_status`
--

LOCK TABLES `test_automation_status` WRITE;
/*!40000 ALTER TABLE `test_automation_status` DISABLE KEYS */;
INSERT INTO `test_automation_status` VALUES (1,1,'Untriaged'),(2,2,'Suitable'),(3,3,'Unsuitable'),(4,4,'Completed'),(5,5,'Disabled');
/*!40000 ALTER TABLE `test_automation_status` ENABLE KEYS */;
UNLOCK TABLES;

--
-- Table structure for table `test_run_result_types`
--

DROP TABLE IF EXISTS `test_run_result_types`;
/*!40101 SET @saved_cs_client     = @@character_set_client */;
/*!50503 SET character_set_client = utf8mb4 */;
CREATE TABLE `test_run_result_types` (
  `id` int(11) NOT NULL AUTO_INCREMENT,
  `testrail_id` int(11) NOT NULL,
  `result_type_abbrev` varchar(25) NOT NULL,
  `result_type` varchar(50) NOT NULL,
  PRIMARY KEY (`id`)
) ENGINE=InnoDB AUTO_INCREMENT=8 DEFAULT CHARSET=utf8;
/*!40101 SET character_set_client = @saved_cs_client */;

--
-- Dumping data for table `test_run_result_types`
--

LOCK TABLES `test_run_result_types` WRITE;
/*!40000 ALTER TABLE `test_run_result_types` DISABLE KEYS */;
INSERT INTO `test_run_result_types` VALUES (1,1,'passed_count','Passed'),(2,2,'blocked_count','Blocked'),(3,3,'untested_count','Untested'),(4,4,'retest_count','Failed (known)'),(5,5,'failed_count','Failed (new)'),(6,6,'untested_count','Not Applicable'),(7,7,'untested_count','Not Available');
/*!40000 ALTER TABLE `test_run_result_types` ENABLE KEYS */;
UNLOCK TABLES;

--
-- Table structure for table `test_sub_suites`
--

DROP TABLE IF EXISTS `test_sub_suites`;
/*!40101 SET @saved_cs_client     = @@character_set_client */;
/*!50503 SET character_set_client = utf8mb4 */;
CREATE TABLE `test_sub_suites` (
  `id` int(11) NOT NULL AUTO_INCREMENT,
  `testrail_id` int(11) NOT NULL,
  `test_sub_suite_abbrev` varchar(25) NOT NULL,
  `test_sub_suite` varchar(75) NOT NULL,
  PRIMARY KEY (`id`)
) ENGINE=InnoDB AUTO_INCREMENT=8 DEFAULT CHARSET=utf8;
/*!40101 SET character_set_client = @saved_cs_client */;

--
-- Dumping data for table `test_sub_suites`
--

LOCK TABLES `test_sub_suites` WRITE;
/*!40000 ALTER TABLE `test_sub_suites` DISABLE KEYS */;
INSERT INTO `test_sub_suites` VALUES (1,0,'functional','Functional'),(2,1,'smoke','Smoke & Sanity'),(3,2,'accessibility','Accessibility'),(4,3,'l10n','L10n'),(5,4,'security','Security'),(6,6,'fxa','FxA & Sync'),(7,7,'other','Other');
/*!40000 ALTER TABLE `test_sub_suites` ENABLE KEYS */;
UNLOCK TABLES;

--
-- Table structure for table `test_suites`
--

DROP TABLE IF EXISTS `test_suites`;
/*!40101 SET @saved_cs_client     = @@character_set_client */;
/*!50503 SET character_set_client = utf8mb4 */;
CREATE TABLE `test_suites` (
  `id` int(11) NOT NULL AUTO_INCREMENT,
  `testrail_project_id` int(11) NOT NULL,
  `testrail_test_suites_id` int(11) NOT NULL,
  `test_suite_name` varchar(75) NOT NULL,
  PRIMARY KEY (`id`)
) ENGINE=InnoDB AUTO_INCREMENT=350 DEFAULT CHARSET=utf8;
/*!40101 SET character_set_client = @saved_cs_client */;

--
-- Dumping data for table `test_suites`
--

LOCK TABLES `test_suites` WRITE;
/*!40000 ALTER TABLE `test_suites` DISABLE KEYS */;
INSERT INTO `test_suites` VALUES (349,59,3192,'Full Functional Tests Suite');
/*!40000 ALTER TABLE `test_suites` ENABLE KEYS */;
UNLOCK TABLES;
/*!40103 SET TIME_ZONE=@OLD_TIME_ZONE */;

/*!40101 SET SQL_MODE=@OLD_SQL_MODE */;
/*!40014 SET FOREIGN_KEY_CHECKS=@OLD_FOREIGN_KEY_CHECKS */;
/*!40014 SET UNIQUE_CHECKS=@OLD_UNIQUE_CHECKS */;
/*!40101 SET CHARACTER_SET_CLIENT=@OLD_CHARACTER_SET_CLIENT */;
/*!40101 SET CHARACTER_SET_RESULTS=@OLD_CHARACTER_SET_RESULTS */;
/*!40101 SET COLLATION_CONNECTION=@OLD_COLLATION_CONNECTION */;
/*!40111 SET SQL_NOTES=@OLD_SQL_NOTES */;

-- Dump completed on 2022-03-03 14:49:21
